0.0320518,9.55904e-05
0.0241287,9.75221e-05
0.0193667,9.07565e-05
0.0161887,8.29317e-05
0.013917,7.57162e-05
0.0122125,6.94145e-05
0.0108862,6.39859e-05
0.00982486,5.93111e-05
0.00895632,5.52673e-05
0.00823242,5.17473e-05
0.00761981,4.86626e-05
0.00709467,4.59414e-05
0.00663952,4.35257e-05
0.00624125,4.13686e-05
0.00588982,3.9432e-05
0.00557743,3.76845e-05
0.00529794,3.61004e-05
0.00504639,3.46583e-05
0.00481881,3.33403e-05
0.00461192,3.21314e-05
0.00442304,3.10189e-05
0.00424991,2.99919e-05
0.00409063,2.90411e-05
0.00394362,2.81585e-05
0.00380752,2.73371e-05
0.00368114,2.6571e-05
0.00356349,2.58548e-05
0.0034537,2.5184e-05
0.003351,2.45544e-05
0.00325474,2.39625e-05
0.00316431,2.34051e-05
0.00307922,2.28794e-05
0.00299901,2.23827e-05
0.00292325,2.19128e-05
0.00285161,2.14677e-05
0.00278375,2.10455e-05
0.00271937,2.06446e-05
0.00265823,2.02634e-05
0.00260008,1.99006e-05
0.0025447,1.9555e-05
0.00249192,1.92254e-05
0.00244154,1.89107e-05
0.00239341,1.86101e-05
0.00234738,1.83226e-05
0.00230332,1.80475e-05
0.0022611,1.7784e-05
0.00222062,1.75315e-05
0.00218176,1.72892e-05
0.00214444,1.70567e-05
0.00210856,1.68334e-05
0.00207404,1.66188e-05
0.00204081,1.64125e-05
0.00200879,1.62139e-05
0.00197793,1.60228e-05
0.00194816,1.58387e-05
0.00191942,1.56613e-05
0.00189166,1.54903e-05
0.00186484,1.53253e-05
0.0018389,1.51661e-05
0.0018138,1.50125e-05
0.00178951,1.48641e-05
0.00176599,1.47207e-05
0.00174319,1.45821e-05
0.00172109,1.44481e-05
0.00169966,1.43185e-05
0.00167887,1.41931e-05
0.00165868,1.40718e-05
0.00163908,1.39543e-05
0.00162004,1.38406e-05
0.00160153,1.37304e-05
0.00158353,1.36237e-05
0.00156603,1.35202e-05
0.001549,1.34199e-05
0.00153242,1.33227e-05
0.00151628,1.32285e-05
0.00150056,1.3137e-05
0.00148524,1.30483e-05
0.00147031,1.29623e-05
0.00145576,1.28787e-05
0.00144156,1.27977e-05
0.00142772,1.2719e-05
0.00141421,1.26426e-05
0.00140102,1.25684e-05
0.00138814,1.24964e-05
0.00137556,1.24264e-05
0.00136328,1.23585e-05
0.00135127,1.22925e-05
0.00133954,1.22284e-05
0.00132807,1.21661e-05
0.00131685,1.21056e-05
0.00130588,1.20468e-05
0.00129515,1.19897e-05
0.00128465,1.19342e-05
0.00127437,1.18802e-05
0.00126431,1.18278e-05
0.00125446,1.17769e-05
0.00124481,1.17275e-05
0.00123536,1.16794e-05
0.0012261,1.16327e-05
0.00121703,1.15874e-05
0.00120813,1.15433e-05
0.00119942,1.15005e-05
0.00119087,1.14589e-05
0.00118249,1.14185e-05
0.00117426,1.13793e-05
0.0011662,1.13413e-05
0.00115829,1.13043e-05
0.00115052,1.12684e-05
0.0011429,1.12336e-05
0.00113542,1.11999e-05
0.00112807,1.11671e-05
0.00112086,1.11353e-05
0.00111378,1.11045e-05
0.00110682,1.10746e-05
0.00109998,1.10457e-05
0.00109327,1.10176e-05
0.00108667,1.09904e-05
0.00108018,1.09641e-05
0.00107381,1.09387e-05
0.00106754,1.0914e-05
0.00106138,1.08902e-05
0.00105532,1.08672e-05
0.00104937,1.08449e-05
0.00104351,1.08234e-05
0.00103774,1.08027e-05
0.00103207,1.07826e-05
0.00102649,1.07634e-05
0.001021,1.07448e-05
0.0010156,1.07269e-05
0.00101028,1.07096e-05
0.00100505,1.06931e-05
0.000999892,1.06772e-05
0.000994818,1.06619e-05
0.000989822,1.06473e-05
0.000984901,1.06333e-05
0.000980056,1.06199e-05
0.000975283,1.06071e-05
0.000970581,1.0595e-05
0.000965949,1.05833e-05
0.000961386,1.05723e-05
0.000956889,1.05618e-05
0.000952458,1.05519e-05
0.00094809,1.05425e-05
0.000943786,1.05337e-05
0.000939543,1.05254e-05
0.00093536,1.05176e-05
0.000931236,1.05103e-05
0.00092717,1.05035e-05
0.00092316,1.04972e-05
0.000919207,1.04915e-05
0.000915307,1.04862e-05
0.000911461,1.04814e-05
0.000907668,1.0477e-05
0.000903925,1.04731e-05
0.000900233,1.04697e-05
0.000896591,1.04668e-05
0.000892997,1.04643e-05
0.000889451,1.04622e-05
0.000885951,1.04606e-05
0.000882497,1.04594e-05
0.000879088,1.04586e-05
0.000875723,1.04583e-05
0.000872401,1.04583e-05
0.000869122,1.04588e-05
0.000865885,1.04597e-05
0.000862689,1.0461e-05
0.000859533,1.04627e-05
0.000856417,1.04648e-05
0.000853339,1.04673e-05
0.0008503,1.04702e-05
0.000847299,1.04734e-05
0.000844334,1.04771e-05
0.000841405,1.04811e-05
0.000838513,1.04855e-05
0.000835655,1.04903e-05
0.000832832,1.04954e-05
0.000830042,1.05009e-05
0.000827286,1.05067e-05
0.000824562,1.0513e-05
0.000821871,1.05195e-05
0.000819212,1.05264e-05
0.000816583,1.05337e-05
0.000813986,1.05413e-05
0.000811418,1.05493e-05
0.00080888,1.05576e-05
0.000806371,1.05662e-05
0.000803891,1.05752e-05
0.000801439,1.05845e-05
0.000799016,1.05941e-05
0.000796619,1.06041e-05
0.000794249,1.06144e-05
0.000791906,1.0625e-05
0.000789589,1.06359e-05
0.000787298,1.06472e-05
0.000785032,1.06588e-05
0.000782791,1.06707e-05
0.000780575,1.06829e-05
0.000778383,1.06954e-05
0.000776215,1.07082e-05
0.00077407,1.07214e-05
0.000771948,1.07348e-05
0.000769849,1.07486e-05
0.000767773,1.07626e-05
0.000765718,1.0777e-05
0.000763686,1.07917e-05
0.000761675,1.08067e-05
0.000759685,1.08219e-05
0.000757716,1.08375e-05
0.000755767,1.08534e-05
0.000753839,1.08695e-05
0.000751931,1.0886e-05
0.000750043,1.09028e-05
0.000748174,1.09198e-05
0.000746324,1.09371e-05
0.000744493,1.09548e-05
0.00074268,1.09727e-05
0.000740886,1.09909e-05
0.000739111,1.10094e-05
0.000737353,1.10282e-05
0.000735612,1.10473e-05
0.000733889,1.10666e-05
0.000732183,1.10863e-05
0.000730494,1.11062e-05
0.000728822,1.11264e-05
0.000727167,1.11469e-05
0.000725527,1.11677e-05
0.000723904,1.11887e-05
0.000722296,1.12101e-05
0.000720704,1.12317e-05
0.000719127,1.12536e-05
0.000717566,1.12758e-05
0.00071602,1.12982e-05
0.000714488,1.1321e-05
0.000712971,1.1344e-05
0.000711469,1.13673e-05
0.000709981,1.13909e-05
0.000708507,1.14147e-05
0.000707047,1.14389e-05
0.0007056,1.14633e-05
0.000704167,1.1488e-05
0.000702748,1.15129e-05
0.000701342,1.15382e-05
0.000699949,1.15637e-05
0.000698568,1.15895e-05
0.000697201,1.16155e-05
0.000695846,1.16419e-05
0.000694503,1.16685e-05
0.000693173,1.16954e-05
0.000691855,1.17226e-05
0.000690549,1.175e-05
0.000689254,1.17778e-05
0.000687972,1.18058e-05
0.000686701,1.18341e-05
0.000685441,1.18626e-05
0.000684193,1.18915e-05
0.000682956,1.19206e-05
0.00068173,1.195e-05
0.000680514,1.19796e-05
0.00067931,1.20096e-05
0.000678116,1.20398e-05
0.000676933,1.20703e-05
0.00067576,1.21011e-05
0.000674597,1.21321e-05
0.000673445,1.21635e-05
0.000672302,1.21951e-05
0.00067117,1.2227e-05
0.000670047,1.22592e-05
0.000668934,1.22916e-05
0.000667831,1.23244e-05
0.000666737,1.23574e-05
0.000665652,1.23907e-05
0.000664577,1.24243e-05
0.000663511,1.24581e-05
0.000662454,1.24923e-05
0.000661406,1.25267e-05
0.000660367,1.25614e-05
0.000659336,1.25964e-05
0.000658315,1.26317e-05
0.000657302,1.26673e-05
0.000656297,1.27031e-05
0.000655301,1.27392e-05
0.000654313,1.27757e-05
0.000653334,1.28124e-05
0.000652362,1.28494e-05
0.000651399,1.28867e-05
0.000650443,1.29243e-05
0.000649496,1.29621e-05
0.000648556,1.30003e-05
0.000647624,1.30387e-05
0.000646699,1.30775e-05
0.000645782,1.31165e-05
0.000644873,1.31558e-05
0.000643971,1.31955e-05
0.000643076,1.32354e-05
0.000642189,1.32756e-05
0.000641309,1.33161e-05
0.000640435,1.33569e-05
0.000639569,1.3398e-05
0.00063871,1.34394e-05
0.000637858,1.34812e-05
0.000637012,1.35232e-05
0.000636173,1.35655e-05
0.000635341,1.36081e-05
0.000634516,1.3651e-05
0.000633697,1.36942e-05
0.000632885,1.37377e-05
0.000632079,1.37816e-05
0.000631279,1.38257e-05
0.000630486,1.38702e-05
0.000629698,1.39149e-05
0.000628917,1.396e-05
0.000628143,1.40054e-05
0.000627374,1.4051e-05
0.000626611,1.4097e-05
0.000625854,1.41434e-05
0.000625103,1.419e-05
0.000624358,1.42369e-05
0.000623618,1.42842e-05
0.000622884,1.43318e-05
0.000622156,1.43797e-05
0.000621434,1.44279e-05
0.000620717,1.44765e-05
0.000620005,1.45253e-05
0.000619299,1.45745e-05
0.000618599,1.4624e-05
0.000617903,1.46739e-05
0.000617213,1.4724e-05
0.000616528,1.47745e-05
0.000615849,1.48254e-05
0.000615174,1.48765e-05
0.000614505,1.4928e-05
0.00061384,1.49798e-05
0.000613181,1.5032e-05
0.000612527,1.50845e-05
0.000611877,1.51373e-05
0.000611233,1.51905e-05
0.000610593,1.5244e-05
0.000609958,1.52979e-05
0.000609327,1.53521e-05
0.000608702,1.54066e-05
0.000608081,1.54615e-05
0.000607464,1.55167e-05
0.000606853,1.55723e-05
0.000606245,1.56282e-05
0.000605643,1.56845e-05
0.000605044,1.57412e-05
0.00060445,1.57981e-05
0.000603861,1.58555e-05
0.000603275,1.59132e-05
0.000602694,1.59712e-05
0.000602118,1.60296e-05
0.000601545,1.60884e-05
0.000600977,1.61476e-05
0.000600413,1.62071e-05
0.000599852,1.62669e-05
0.000599296,1.63272e-05
0.000598744,1.63878e-05
0.000598196,1.64487e-05
0.000597652,1.65101e-05
0.000597112,1.65718e-05
0.000596576,1.66339e-05
0.000596044,1.66964e-05
0.000595515,1.67592e-05
0.00059499,1.68224e-05
0.000594469,1.6886e-05
0.000593952,1.695e-05
0.000593439,1.70144e-05
0.000592929,1.70792e-05
0.000592423,1.71443e-05
0.00059192,1.72098e-05
0.000591421,1.72758e-05
0.000590926,1.73421e-05
0.000590434,1.74088e-05
0.000589945,1.74759e-05
0.00058946,1.75434e-05
0.000588979,1.76114e-05
0.000588501,1.76797e-05
0.000588026,1.77484e-05
0.000587554,1.78175e-05
0.000587086,1.7887e-05
0.000586621,1.7957e-05
0.00058616,1.80273e-05
0.000585702,1.80981e-05
0.000585247,1.81692e-05
0.000584795,1.82408e-05
0.000584346,1.83128e-05
0.000583901,1.83853e-05
0.000583458,1.84581e-05
0.000583019,1.85314e-05
0.000582583,1.86051e-05
0.000582149,1.86792e-05
0.000581719,1.87538e-05
0.000581292,1.88288e-05
0.000580868,1.89042e-05
0.000580446,1.89801e-05
0.000580028,1.90564e-05
0.000579613,1.91331e-05
0.0005792,1.92103e-05
0.00057879,1.92879e-05
0.000578383,1.9366e-05
0.000577979,1.94445e-05
0.000577578,1.95234e-05
0.00057718,1.96029e-05
0.000576784,1.96827e-05
0.000576391,1.97631e-05
0.000576001,1.98439e-05
0.000575613,1.99251e-05
0.000575228,2.00068e-05
0.000574846,2.0089e-05
0.000574466,2.01716e-05
0.000574089,2.02547e-05
0.000573715,2.03383e-05
0.000573343,2.04224e-05
0.000572973,2.05069e-05
0.000572607,2.05919e-05
0.000572242,2.06774e-05
0.000571881,2.07634e-05
0.000571521,2.08498e-05
0.000571164,2.09368e-05
0.00057081,2.10242e-05
0.000570458,2.11122e-05
0.000570109,2.12006e-05
0.000569761,2.12895e-05
0.000569417,2.13789e-05
0.000569074,2.14688e-05
0.000568734,2.15593e-05
0.000568396,2.16502e-05
0.000568061,2.17416e-05
0.000567728,2.18336e-05
0.000567397,2.1926e-05
0.000567068,2.2019e-05
0.000566742,2.21125e-05
0.000566418,2.22065e-05
0.000566096,2.23011e-05
0.000565776,2.23961e-05
0.000565458,2.24917e-05
0.000565143,2.25879e-05
0.000564829,2.26845e-05
0.000564518,2.27817e-05
0.000564209,2.28794e-05
0.000563902,2.29777e-05
0.000563598,2.30765e-05
0.000563295,2.31759e-05
0.000562994,2.32758e-05
0.000562696,2.33763e-05
0.000562399,2.34773e-05
0.000562104,2.35789e-05
0.000561812,2.3681e-05
0.000561521,2.37837e-05
0.000561233,2.3887e-05
0.000560946,2.39908e-05
0.000560661,2.40952e-05
0.000560379,2.42002e-05
0.000560098,2.43058e-05
0.000559819,2.44119e-05
0.000559542,2.45186e-05
0.000559267,2.46259e-05
0.000558994,2.47338e-05
0.000558723,2.48423e-05
0.000558453,2.49513e-05
0.000558186,2.5061e-05
0.00055792,2.51713e-05
0.000557656,2.52821e-05
0.000557394,2.53936e-05
0.000557133,2.55057e-05
0.000556875,2.56184e-05
0.000556618,2.57317e-05
0.000556363,2.58456e-05
0.00055611,2.59601e-05
0.000555858,2.60753e-05
0.000555609,2.61911e-05
0.000555361,2.63075e-05
0.000555114,2.64246e-05
0.00055487,2.65422e-05
0.000554627,2.66606e-05
0.000554386,2.67795e-05
0.000554146,2.68991e-05
0.000553908,2.70194e-05
0.000553672,2.71403e-05
0.000553437,2.72618e-05
0.000553204,2.7384e-05
0.000552973,2.75069e-05
0.000552743,2.76304e-05
0.000552515,2.77547e-05
0.000552289,2.78795e-05
0.000552064,2.80051e-05
0.000551841,2.81313e-05
0.000551619,2.82582e-05
0.000551399,2.83858e-05
0.00055118,2.8514e-05
0.000550963,2.8643e-05
0.000550747,2.87726e-05
0.000550533,2.8903e-05
0.000550321,2.9034e-05
0.00055011,2.91658e-05
0.0005499,2.92982e-05
0.000549692,2.94314e-05
0.000549486,2.95653e-05
0.000549281,2.96998e-05
0.000549077,2.98351e-05
0.000548875,2.99712e-05
0.000548675,3.01079e-05
0.000548475,3.02454e-05
0.000548278,3.03837e-05
0.000548081,3.05226e-05
0.000547887,3.06623e-05
0.000547693,3.08028e-05
0.000547501,3.09439e-05
0.00054731,3.10859e-05
0.000547121,3.12286e-05
0.000546933,3.1372e-05
0.000546747,3.15163e-05
0.000546562,3.16612e-05
0.000546378,3.1807e-05
0.000546196,3.19535e-05
0.000546015,3.21008e-05
0.000545835,3.22489e-05
0.000545657,3.23978e-05
0.00054548,3.25474e-05
0.000545304,3.26979e-05
0.00054513,3.28491e-05
0.000544957,3.30012e-05
0.000544786,3.3154e-05
0.000544615,3.33077e-05
0.000544446,3.34621e-05
0.000544279,3.36174e-05
0.000544112,3.37735e-05
0.000543947,3.39304e-05
0.000543783,3.40882e-05
0.000543621,3.42468e-05
0.00054346,3.44062e-05
0.0005433,3.45664e-05
0.000543141,3.47275e-05
0.000542984,3.48895e-05
0.000542827,3.50523e-05
0.000542672,3.52159e-05
0.000542519,3.53804e-05
0.000542366,3.55458e-05
0.000542215,3.5712e-05
0.000542065,3.58791e-05
0.000541916,3.6047e-05
0.000541769,3.62159e-05
0.000541622,3.63856e-05
0.000541477,3.65562e-05
0.000541333,3.67278e-05
0.000541191,3.69002e-05
0.000541049,3.70735e-05
0.000540909,3.72477e-05
0.00054077,3.74228e-05
0.000540632,3.75988e-05
0.000540495,3.77757e-05
0.00054036,3.79536e-05
0.000540225,3.81324e-05
0.000540092,3.83121e-05
0.00053996,3.84927e-05
0.000539829,3.86743e-05
0.0005397,3.88569e-05
0.000539571,3.90403e-05
0.000539444,3.92247e-05
0.000539318,3.94101e-05
0.000539193,3.95964e-05
0.000539069,3.97837e-05
0.000538946,3.9972e-05
0.000538824,4.01612e-05
0.000538704,4.03514e-05
0.000538585,4.05426e-05
0.000538466,4.07348e-05
0.000538349,4.09279e-05
0.000538233,4.11221e-05
0.000538119,4.13173e-05
0.000538005,4.15134e-05
0.000537893,4.17106e-05
0.000537781,4.19087e-05
0.000537671,4.21079e-05
0.000537562,4.23081e-05
0.000537454,4.25094e-05
0.000537347,4.27116e-05
0.000537241,4.29149e-05
0.000537136,4.31193e-05
0.000537033,4.33246e-05
0.00053693,4.35311e-05
0.000536829,4.37386e-05
0.000536729,4.39471e-05
0.000536629,4.41567e-05
0.000536531,4.43673e-05
0.000536434,4.45791e-05
0.000536339,4.47919e-05
0.000536244,4.50058e-05
0.00053615,4.52207e-05
0.000536058,4.54368e-05
0.000535966,4.5654e-05
0.000535876,4.58722e-05
0.000535786,4.60916e-05
0.000535698,4.6312e-05
0.000535611,4.65336e-05
0.000535525,4.67563e-05
0.00053544,4.69801e-05
0.000535356,4.72051e-05
0.000535274,4.74311e-05
0.000535192,4.76583e-05
0.000535111,4.78867e-05
0.000535032,4.81162e-05
0.000534954,4.83468e-05
0.000534876,4.85786e-05
0.0005348,4.88116e-05
0.000534725,4.90457e-05
0.000534651,4.9281e-05
0.000534578,4.95175e-05
0.000534506,4.97551e-05
0.000534435,4.99939e-05
0.000534366,5.0234e-05
0.000534297,5.04752e-05
0.00053423,5.07176e-05
0.000534163,5.09612e-05
0.000534098,5.1206e-05
0.000534034,5.1452e-05
0.000533971,5.16993e-05
0.000533909,5.19477e-05
0.000533848,5.21974e-05
0.000533788,5.24483e-05
0.000533729,5.27005e-05
0.000533672,5.29539e-05
0.000533615,5.32085e-05
0.00053356,5.34644e-05
0.000533505,5.37215e-05
0.000533452,5.39799e-05
0.0005334,5.42396e-05
0.000533349,5.45005e-05
0.000533299,5.47627e-05
0.00053325,5.50262e-05
0.000533203,5.5291e-05
0.000533156,5.5557e-05
0.000533111,5.58244e-05
0.000533067,5.6093e-05
0.000533023,5.6363e-05
0.000532981,5.66342e-05
0.00053294,5.69068e-05
0.000532901,5.71806e-05
0.000532862,5.74558e-05
0.000532824,5.77323e-05
0.000532788,5.80102e-05
0.000532753,5.82893e-05
0.000532719,5.85698e-05
0.000532686,5.88517e-05
0.000532654,5.91349e-05
0.000532623,5.94194e-05
0.000532593,5.97053e-05
0.000532565,5.99926e-05
0.000532538,6.02812e-05
0.000532512,6.05712e-05
0.000532487,6.08626e-05
0.000532463,6.11553e-05
0.000532441,6.14495e-05
0.000532419,6.1745e-05
0.000532399,6.20419e-05
0.00053238,6.23402e-05
0.000532362,6.26399e-05
0.000532346,6.2941e-05
0.00053233,6.32435e-05
0.000532316,6.35474e-05
0.000532303,6.38527e-05
0.000532291,6.41595e-05
0.00053228,6.44676e-05
0.000532271,6.47772e-05
0.000532263,6.50883e-05
0.000532256,6.54007e-05
0.00053225,6.57146e-05
0.000532245,6.603e-05
0.000532242,6.63468e-05
0.00053224,6.6665e-05
0.000532239,6.69847e-05
0.00053224,6.73059e-05
0.000532241,6.76285e-05
0.000532244,6.79525e-05
0.000532249,6.82781e-05
0.000532254,6.86051e-05
0.000532261,6.89336e-05
0.000532269,6.92636e-05
0.000532278,6.9595e-05
0.000532289,6.9928e-05
0.000532301,7.02624e-05
0.000532314,7.05983e-05
0.000532329,7.09357e-05
0.000532345,7.12746e-05
0.000532362,7.1615e-05
0.00053238,7.19569e-05
0.0005324,7.23003e-05
0.000532421,7.26453e-05
0.000532444,7.29917e-05
0.000532468,7.33397e-05
0.000532493,7.36891e-05
0.00053252,7.40401e-05
0.000532548,7.43926e-05
0.000532577,7.47466e-05
0.000532608,7.51022e-05
0.00053264,7.54593e-05
0.000532673,7.58179e-05
0.000532708,7.61781e-05
0.000532744,7.65397e-05
0.000532782,7.6903e-05
0.000532821,7.72677e-05
0.000532862,7.7634e-05
0.000532904,7.80018e-05
0.000532947,7.83712e-05
0.000532992,7.87421e-05
0.000533039,7.91146e-05
0.000533087,7.94886e-05
0.000533136,7.98642e-05
0.000533187,8.02413e-05
0.000533239,8.062e-05
0.000533293,8.10002e-05
0.000533348,8.13819e-05
0.000533405,8.17652e-05
0.000533463,8.21501e-05
0.000533523,8.25365e-05
0.000533584,8.29245e-05
0.000533647,8.3314e-05
0.000533712,8.37051e-05
0.000533778,8.40977e-05
0.000533845,8.44919e-05
0.000533914,8.48876e-05
0.000533985,8.52849e-05
0.000534057,8.56837e-05
0.000534131,8.60841e-05
0.000534207,8.6486e-05
0.000534284,8.68895e-05
0.000534363,8.72945e-05
0.000534443,8.7701e-05
0.000534525,8.81091e-05
0.000534609,8.85188e-05
0.000534694,8.89299e-05
0.000534781,8.93426e-05
0.00053487,8.97569e-05
0.00053496,9.01727e-05
0.000535052,9.059e-05
0.000535146,9.10088e-05
0.000535241,9.14292e-05
0.000535338,9.1851e-05
0.000535437,9.22744e-05
0.000535537,9.26993e-05
0.00053564,9.31257e-05
0.000535744,9.35537e-05
0.00053585,9.39831e-05
0.000535957,9.4414e-05
0.000536066,9.48464e-05
0.000536178,9.52803e-05
0.000536291,9.57157e-05
0.000536405,9.61526e-05
0.000536522,9.65909e-05
0.00053664,9.70307e-05
0.00053676,9.7472e-05
0.000536882,9.79147e-05
0.000537006,9.83589e-05
0.000537132,9.88045e-05
0.000537259,9.92515e-05
0.000537388,9.97e-05
0.00053752,0.00010015
0.000537653,0.000100601
0.000537788,0.000101054
0.000537925,0.000101508
0.000538063,0.000101964
0.000538204,0.000102421
0.000538347,0.000102879
0.000538491,0.000103339
0.000538638,0.0001038
0.000538786,0.000104262
0.000538936,0.000104726
0.000539089,0.000105191
0.000539243,0.000105657
0.000539399,0.000106125
0.000539557,0.000106594
0.000539717,0.000107064
0.000539879,0.000107536
0.000540044,0.000108008
0.00054021,0.000108482
0.000540378,0.000108958
0.000540548,0.000109434
0.00054072,0.000109912
0.000540894,0.000110391
0.00054107,0.000110871
0.000541248,0.000111353
0.000541428,0.000111835
0.000541611,0.000112319
0.000541795,0.000112804
0.000541981,0.00011329
0.00054217,0.000113777
0.00054236,0.000114265
0.000542552,0.000114754
0.000542747,0.000115245
0.000542943,0.000115736
0.000543142,0.000116228
0.000543342,0.000116722
0.000543545,0.000117216
0.00054375,0.000117712
0.000543957,0.000118208
0.000544165,0.000118705
0.000544376,0.000119204
0.000544589,0.000119703
0.000544804,0.000120203
0.000545021,0.000120704
0.00054524,0.000121206
0.000545462,0.000121709
0.000545685,0.000122212
0.00054591,0.000122716
0.000546137,0.000123222
0.000546366,0.000123727
0.000546598,0.000124234
0.000546831,0.000124741
0.000547066,0.000125249
0.000547304,0.000125758
0.000547543,0.000126268
0.000547785,0.000126778
0.000548028,0.000127288
0.000548273,0.0001278
0.00054852,0.000128312
0.00054877,0.000128824
0.000549021,0.000129337
0.000549274,0.000129851
0.000549529,0.000130365
0.000549786,0.000130879
0.000550045,0.000131394
0.000550305,0.000131909
0.000550568,0.000132425
0.000550832,0.000132941
0.000551098,0.000133458
0.000551366,0.000133975
0.000551636,0.000134492
0.000551908,0.000135009
0.000552181,0.000135527
0.000552456,0.000136045
0.000552733,0.000136563
0.000553012,0.000137082
0.000553292,0.000137601
0.000553573,0.000138119
0.000553857,0.000138638
0.000554142,0.000139157
0.000554428,0.000139677
0.000554716,0.000140196
0.000555006,0.000140715
0.000555297,0.000141234
0.00055559,0.000141754
0.000555884,0.000142273
0.000556179,0.000142792
0.000556476,0.000143312
0.000556773,0.000143831
0.000557073,0.00014435
0.000557373,0.000144869
0.000557675,0.000145388
0.000557978,0.000145907
0.000558282,0.000146426
0.000558587,0.000146944
0.000558893,0.000147462
0.0005592,0.000147981
0.000559508,0.000148499
0.000559816,0.000149016
0.000560126,0.000149534
0.000560437,0.000150051
0.000560748,0.000150568
0.00056106,0.000151085
0.000561373,0.000151601
0.000561686,0.000152117
0.000562,0.000152633
0.000562314,0.000153149
0.000562629,0.000153664
0.000562944,0.000154179
0.00056326,0.000154694
0.000563575,0.000155208
0.000563891,0.000155722
0.000564207,0.000156236
0.000564524,0.00015675
0.00056484,0.000157263
0.000565156,0.000157776
0.000565472,0.000158289
0.000565788,0.000158801
0.000566104,0.000159313
0.000566419,0.000159825
0.000566734,0.000160337
0.000567049,0.000160848
0.000567363,0.00016136
0.000567677,0.000161871
0.00056799,0.000162382
0.000568302,0.000162893
0.000568614,0.000163404
0.000568924,0.000163914
0.000569234,0.000164425
0.000569543,0.000164936
0.000569851,0.000165446
0.000570157,0.000165957
0.000570463,0.000166468
0.000570767,0.000166979
0.00057107,0.00016749
0.000571371,0.000168002
0.000571671,0.000168513
0.00057197,0.000169025
0.000572266,0.000169538
0.000572561,0.000170051
0.000572855,0.000170564
0.000573146,0.000171078
0.000573436,0.000171593
0.000573723,0.000172108
0.000574009,0.000172624
0.000574292,0.000173141
0.000574574,0.000173659
0.000574853,0.000174177
0.00057513,0.000174697
0.000575404,0.000175218
0.000575676,0.00017574
0.000575945,0.000176264
0.000576212,0.000176788
0.000576477,0.000177315
0.000576738,0.000177843
0.000576997,0.000178372
0.000577254,0.000178904
0.000577507,0.000179437
0.000577758,0.000179972
0.000578006,0.00018051
0.00057825,0.000181049
0.000578492,0.000181591
0.000578731,0.000182135
0.000578967,0.000182682
0.000579199,0.000183232
0.000579429,0.000183784
0.000579655,0.000184339
0.000579879,0.000184897
0.000580099,0.000185459
0.000580316,0.000186023
0.000580529,0.000186592
0.00058074,0.000187163
0.000580947,0.000187738
0.000581151,0.000188318
0.000581352,0.000188901
0.00058155,0.000189488
0.000581745,0.000190079
0.000581936,0.000190675
0.000582124,0.000191275
0.000582309,0.00019188
0.000582491,0.000192489
0.00058267,0.000193104
0.000582846,0.000193723
0.000583019,0.000194348
0.000583189,0.000194978
0.000583356,0.000195613
0.00058352,0.000196254
0.000583681,0.000196901
0.00058384,0.000197554
0.000583996,0.000198213
0.00058415,0.000198878
0.000584301,0.000199549
0.000584449,0.000200226
0.000584595,0.000200911
0.000584739,0.000201601
0.000584881,0.000202299
0.000585021,0.000203004
0.000585159,0.000203715
0.000585295,0.000204434
0.00058543,0.00020516
0.000585563,0.000205894
0.000585694,0.000206635
0.000585824,0.000207383
0.000585953,0.00020814
0.000586081,0.000208904
0.000586208,0.000209676
0.000586334,0.000210456
0.00058646,0.000211244
0.000586586,0.00021204
0.000586711,0.000212845
0.000586835,0.000213657
0.00058696,0.000214479
0.000587086,0.000215308
0.000587211,0.000216146
0.000587338,0.000216993
0.000587464,0.000217848
0.000587592,0.000218712
0.000587721,0.000219584
0.000587852,0.000220465
0.000587984,0.000221355
0.000588117,0.000222253
0.000588253,0.00022316
0.00058839,0.000224076
0.00058853,0.000225
0.000588672,0.000225933
0.000588817,0.000226874
0.000588965,0.000227824
0.000589116,0.000228783
0.00058927,0.000229749
0.000589428,0.000230725
0.000589589,0.000231708
0.000589754,0.0002327
0.000589923,0.0002337
0.000590097,0.000234707
0.000590274,0.000235723
0.000590457,0.000236746
0.000590644,0.000237777
0.000590836,0.000238816
0.000591033,0.000239862
0.000591235,0.000240915
0.000591443,0.000241975
0.000591656,0.000243042
0.000591875,0.000244116
0.000592099,0.000245196
0.00059233,0.000246282
0.000592567,0.000247375
0.00059281,0.000248473
0.00059306,0.000249577
0.000593315,0.000250687
0.000593578,0.000251802
0.000593847,0.000252921
0.000594122,0.000254045
0.000594404,0.000255174
0.000594693,0.000256307
0.000594989,0.000257444
0.000595292,0.000258584
0.000595601,0.000259728
0.000595917,0.000260874
0.00059624,0.000262024
0.00059657,0.000263176
0.000596906,0.00026433
0.000597249,0.000265486
0.000597599,0.000266644
0.000597955,0.000267803
0.000598317,0.000268962
0.000598685,0.000270123
0.00059906,0.000271284
0.00059944,0.000272445
0.000599826,0.000273607
0.000600218,0.000274767
0.000600614,0.000275927
0.000601016,0.000277086
0.000601422,0.000278244
0.000601833,0.000279401
0.000602248,0.000280555
0.000602668,0.000281708
0.00060309,0.000282859
0.000603516,0.000284008
0.000603945,0.000285154
0.000604376,0.000286297
0.000604809,0.000287438
0.000605245,0.000288575
0.000605681,0.00028971
0.000606118,0.000290841
0.000606556,0.00029197
0.000606994,0.000293095
0.000607432,0.000294217
0.000607868,0.000295336
0.000608304,0.000296451
0.000608737,0.000297564
0.000609168,0.000298673
0.000609597,0.000299779
0.000610022,0.000300883
0.000610444,0.000301984
0.000610862,0.000303083
0.000611275,0.000304179
0.000611683,0.000305273
0.000612085,0.000306366
0.000612482,0.000307457
0.000612872,0.000308548
0.000613256,0.000309637
0.000613633,0.000310727
0.000614002,0.000311816
0.000614363,0.000312907
0.000614717,0.000313998
0.000615061,0.00031509
0.000615398,0.000316185
0.000615725,0.000317283
0.000616044,0.000318383
0.000616353,0.000319487
0.000616653,0.000320596
0.000616943,0.000321709
0.000617224,0.000322828
0.000617496,0.000323953
0.000617758,0.000325084
0.00061801,0.000326223
0.000618253,0.000327369
0.000618487,0.000328524
0.000618711,0.000329688
0.000618927,0.000330862
0.000619134,0.000332046
0.000619333,0.000333241
0.000619524,0.000334446
0.000619707,0.000335664
0.000619883,0.000336894
0.000620051,0.000338137
0.000620214,0.000339393
0.00062037,0.000340662
0.000620521,0.000341946
0.000620668,0.000343243
0.00062081,0.000344556
0.000620948,0.000345883
0.000621083,0.000347225
0.000621215,0.000348582
0.000621346,0.000349955
0.000621475,0.000351343
0.000621604,0.000352747
0.000621733,0.000354165
0.000621862,0.000355599
0.000621993,0.000357049
0.000622125,0.000358513
0.00062226,0.000359992
0.000622399,0.000361485
0.00062254,0.000362993
0.000622686,0.000364514
0.000622837,0.000366048
0.000622992,0.000367596
0.000623154,0.000369156
0.000623321,0.000370727
0.000623494,0.00037231
0.000623674,0.000373904
0.000623861,0.000375508
0.000624054,0.00037712
0.000624255,0.000378742
0.000624463,0.000380372
0.000624677,0.000382009
0.000624899,0.000383652
0.000625128,0.000385302
0.000625363,0.000386956
0.000625605,0.000388615
0.000625853,0.000390278
0.000626106,0.000391945
0.000626365,0.000393613
0.000626628,0.000395284
0.000626895,0.000396957
0.000627166,0.00039863
0.000627439,0.000400304
0.000627714,0.000401979
0.000627991,0.000403654
0.000628267,0.000405328
0.000628543,0.000407002
0.000628818,0.000408676
0.00062909,0.00041035
0.000629359,0.000412023
0.000629624,0.000413697
0.000629884,0.00041537
0.000630138,0.000417045
0.000630385,0.000418721
0.000630625,0.000420399
0.000630856,0.000422079
0.000631078,0.000423763
0.000631291,0.00042545
0.000631494,0.000427143
0.000631685,0.000428842
0.000631866,0.000430547
0.000632036,0.000432261
0.000632194,0.000433983
0.000632341,0.000435716
0.000632476,0.00043746
0.0006326,0.000439217
0.000632713,0.000440987
0.000632815,0.000442772
0.000632907,0.000444572
0.00063299,0.00044639
0.000633064,0.000448225
0.00063313,0.000450078
0.000633189,0.000451951
0.000633243,0.000453844
0.000633291,0.000455758
0.000633336,0.000457693
0.000633379,0.000459649
0.00063342,0.000461627
0.000633462,0.000463626
0.000633506,0.000465648
0.000633553,0.00046769
0.000633603,0.000469754
0.00063366,0.000471838
0.000633723,0.000473942
0.000633794,0.000476065
0.000633875,0.000478206
0.000633965,0.000480364
0.000634066,0.000482537
0.000634179,0.000484724
0.000634304,0.000486925
0.000634442,0.000489136
0.000634593,0.000491358
0.000634757,0.000493587
0.000634933,0.000495823
0.000635122,0.000498063
0.000635324,0.000500306
0.000635536,0.00050255
0.000635759,0.000504795
0.00063599,0.000507037
0.00063623,0.000509277
0.000636476,0.000511512
0.000636727,0.000513742
0.000636981,0.000515965
0.000637236,0.000518182
0.00063749,0.000520391
0.000637741,0.000522592
0.000637987,0.000524786
0.000638225,0.000526972
0.000638454,0.000529152
0.000638672,0.000531325
0.000638876,0.000533494
0.000639065,0.000535658
0.000639237,0.00053782
0.000639391,0.000539981
0.000639524,0.000542144
0.000639636,0.000544309
0.000639727,0.00054648
0.000639795,0.000548658
0.00063984,0.000550845
0.000639862,0.000553045
0.000639861,0.000555259
0.000639839,0.000557489
0.000639794,0.000559739
0.00063973,0.000562008
0.000639646,0.0005643
0.000639544,0.000566616
0.000639426,0.000568958
0.000639294,0.000571326
0.000639149,0.000573722
0.000638994,0.000576146
0.00063883,0.000578599
0.00063866,0.000581081
0.000638485,0.000583591
0.000638307,0.000586129
0.000638129,0.000588695
0.000637951,0.000591287
0.000637775,0.000593904
0.000637602,0.000596546
0.000637433,0.000599211
0.000637268,0.000601897
0.000637109,0.000604603
0.000636955,0.000607327
0.000636806,0.000610068
0.000636663,0.000612825
0.000636523,0.000615596
0.000636388,0.00061838
0.000636255,0.000621177
0.000636124,0.000623985
0.000635993,0.000626805
0.000635862,0.000629636
0.00063573,0.000632477
0.000635595,0.00063533
0.000635457,0.000638195
0.000635315,0.000641073
0.000635168,0.000643964
0.000635017,0.000646869
0.00063486,0.00064979
0.000634699,0.000652727
0.000634535,0.000655681
0.000634367,0.000658654
0.000634196,0.000661646
0.000634025,0.000664656
0.000633855,0.000667686
0.000633687,0.000670736
0.000633523,0.000673804
0.000633365,0.00067689
0.000633213,0.000679992
0.00063307,0.000683109
0.000632937,0.000686239
0.000632814,0.000689378
0.000632703,0.000692526
0.000632602,0.000695677
0.000632511,0.00069883
0.00063243,0.000701981
0.000632356,0.000705128
0.000632287,0.000708266
0.000632221,0.000711395
0.000632153,0.00071451
0.000632081,0.000717611
0.000631999,0.000720697
0.000631903,0.000723767
0.000631789,0.00072682
0.000631652,0.000729859
0.000631487,0.000732885
0.000631289,0.0007359
0.000631055,0.000738908
0.00063078,0.000741912
0.000630463,0.000744918
0.000630101,0.000747929
0.000629693,0.000750952
0.000629237,0.000753991
0.000628735,0.000757053
0.000628187,0.000760142
0.000627596,0.000763263
0.000626965,0.000766421
0.000626296,0.000769619
0.000625595,0.000772861
0.000624864,0.00077615
0.00062411,0.000779486
0.000623336,0.000782871
0.000622547,0.000786305
0.000621748,0.000789786
0.000620942,0.000793314
0.000620132,0.000796886
0.000619323,0.0008005
0.000618516,0.000804153
0.000617712,0.000807842
0.000616913,0.000811564
0.000616119,0.000815317
0.00061533,0.000819096
0.000614545,0.0008229
0.000613763,0.000826728
0.000612983,0.000830577
0.000612204,0.000834446
0.000611425,0.000838335
0.000610644,0.000842244
0.00060986,0.000846173
0.000609074,0.000850122
0.000608285,0.000854091
0.000607494,0.000858081
0.000606701,0.000862092
0.000605906,0.000866124
0.000605112,0.000870176
0.00060432,0.000874248
0.000603529,0.000878338
0.000602743,0.000882444
0.000601962,0.000886565
0.000601185,0.000890698
0.000600413,0.00089484
0.000599647,0.000898988
0.000598884,0.00090314
0.000598124,0.000907293
0.000597364,0.000911444
0.000596603,0.000915591
0.000595839,0.000919732
0.000595069,0.000923865
0.000594291,0.000927988
0.000593501,0.000932101
0.000592699,0.000936202
0.000591881,0.000940289
0.000591044,0.000944361
0.000590187,0.000948417
0.000589306,0.000952455
0.000588397,0.000956472
0.000587456,0.000960468
0.000586479,0.000964439
0.000585459,0.000968384
0.000584388,0.000972303
0.00058326,0.000976195
0.000582064,0.000980063
0.000580793,0.00098391
0.000579435,0.000987741
0.000577983,0.000991564
0.000576428,0.000995389
0.000574764,0.000999228
0.000572987,0.00100309
0.000571095,0.001007
0.000569091,0.00101097
0.000566978,0.00101502
0.000564767,0.00101915
0.00056247,0.00102338
0.0005601,0.00102773
0.000557676,0.0010322
0.000555216,0.00103678
0.000552738,0.00104149
0.00055026,0.00104631
0.000547798,0.00105124
0.000545366,0.00105625
0.000542973,0.00106135
0.000540624,0.0010665
0.000538321,0.00107168
0.000536059,0.00107689
0.00053383,0.00108211
0.000531625,0.00108732
0.000529429,0.00109251
0.000527228,0.00109769
0.000525007,0.00110284
0.000522755,0.00110798
0.000520461,0.0011131
0.000518116,0.00111822
0.000515718,0.00112334
0.000513264,0.00112848
0.000510758,0.00113363
0.000508202,0.00113881
0.0005056,0.00114401
0.000502956,0.00114923
0.000500272,0.00115447
0.000497549,0.00115973
0.000494784,0.001165
0.000491972,0.00117027
0.000489106,0.00117554
0.000486178,0.00118081
0.00048318,0.00118609
0.000480105,0.00119138
0.000476948,0.00119669
0.000473708,0.00120202
0.000470386,0.00120738
0.000466985,0.00121278
0.000463512,0.00121821
0.00045997,0.00122368
0.000456365,0.00122919
0.000452694,0.00123471
0.000448953,0.00124024
0.00044513,0.00124578
0.000441208,0.00125131
0.000437165,0.00125684
0.000432978,0.00126237
0.000428623,0.00126793
0.000424084,0.00127354
0.000419351,0.00127923
0.000414425,0.00128505
0.000409321,0.00129102
0.000404065,0.0012972
0.000398696,0.00130359
0.000393259,0.00131021
0.000387803,0.00131707
0.000382372,0.00132413
0.000377004,0.00133137
0.00037172,0.00133873
0.000366527,0.00134618
0.000361413,0.00135365
0.000356347,0.00136112
0.000351289,0.00136855
0.000346191,0.00137594
0.000341006,0.00138329
0.000335699,0.00139064
0.000330248,0.00139802
0.00032465,0.00140548
0.000318921,0.00141305
0.000313091,0.00142077
0.0003072,0.00142863
0.000301286,0.00143664
0.000295376,0.00144476
0.000289485,0.00145296
0.000283602,0.00146119
0.000277698,0.00146942
0.000271728,0.00147763
0.00026564,0.00148583
0.000259387,0.00149405
0.00025294,0.00150235
0.000246296,0.00151079
0.000239487,0.00151944
0.000232572,0.00152835
0.000225636,0.00153755
0.00021877,0.00154702
0.000212058,0.0015567
0.000205561,0.00156651
0.000199295,0.00157633
0.00019323,0.00158604
0.000187288,0.00159555
0.000181352,0.00160478
0.000175289,0.00161374
0.00016897,0.00162245
0.000162292,0.00163102
0.000155203,0.00163956
0.000147702,0.00164821
0.000139842,0.00165707
0.000131715,0.00166624
0.00012343,0.00167573
0.000115095,0.00168554
0.000106789,0.00169558
9.85517e-05,0.00170579
9.03771e-05,0.00171605
8.22176e-05,0.00172631
7.39995e-05,0.00173652
6.56417e-05,0.00174669
5.70765e-05,0.00175685
4.8264e-05,0.00176706
3.92006e-05,0.00177741
2.99169e-05,0.00178796
2.04692e-05,0.00179875
1.09261e-05,0.0018098
1.35478e-06,0.00182108
-8.19082e-06,0.00183257
-1.7677e-05,0.00184419
-2.70931e-05,0.00185588
-3.64515e-05,0.00186758
-4.57855e-05,0.00187922
-5.51478e-05,0.00189075
-6.46088e-05,0.00190212
-7.42532e-05,0.00191333
-8.41744e-05,0.00192439
-9.44634e-05,0.00193534
-0.000105194,0.00194626
-0.000116406,0.00195727
-0.000128095,0.00196848
-0.000140203,0.00198
-0.000152631,0.00199191
-0.000165257,0.00200424
-0.000177966,0.00201693
-0.000190676,0.00202992
-0.000203358,0.00204308
-0.000216046,0.00205632
-0.000228817,0.00206956
-0.000241761,0.00208279
-0.000254958,0.00209604
-0.000268444,0.00210936
-0.000282217,0.0021228
-0.00029625,0.00213639
-0.000310518,0.00215011
-0.000325037,0.0021639
-0.000339865,0.00217774
-0.000355097,0.00219165
-0.00037082,0.00220568
-0.000387075,0.00221997
-0.000403818,0.00223466
-0.000420928,0.00224984
-0.000438246,0.00226553
-0.000455639,0.00228161
-0.000473067,0.00229792
-0.000490615,0.00231429
-0.000508463,0.00233065
-0.000526811,0.00234706
-0.00054578,0.0023637
-0.000565342,0.00238078
-0.000585325,0.00239845
-0.000605497,0.00241669
-0.000625707,0.00243528
-0.000646012,0.00245391
-0.000666718,0.00247238
-0.000688288,0.0024907
-0.000711137,0.00250926
-0.000735398,0.00252868
-0.000760783,0.00254965
-0.000786602,0.00257257
-0.000811987,0.00259741
-0.000836219,0.00262359
-0.000859051,0.00265018
-0.00088084,0.00267631
-0.000902393,0.00270151
-0.000924585,0.00272591
-0.000947934,0.00275013
-0.000972379,0.00277491
-0.000997394,0.00280061
-0.0010224,0.00282703
-0.00104722,0.0028535
-0.00107239,0.00287935
-0.00109895,0.0029045
-0.00112788,0.00292969
-0.00115952,0.00295634
-0.00119314,0.00298592
-0.00122713,0.00301915
-0.00125968,0.00305555
-0.00128965,0.0030935
-0.0013173,0.00313097
-0.00134419,0.00316663
-0.00137242,0.00320052
-0.00140348,0.00323415
-0.00143745,0.0032696
-0.00147298,0.00330842
-0.00150808,0.00335084
-0.00154118,0.00339568
-0.00157195,0.00344102
-0.00160148,0.00348529
-0.0016316,0.00352808
-0.00166394,0.00357025
-0.00169926,0.00361343
-0.00173728,0.00365935
-0.00177694,0.00370937
-0.00181663,0.00376429
-0.0018543,0.00382416
-0.00188779,0.00388792
-0.00191545,0.00395309
-0.00193732,0.0040161
-0.00195597,0.0040736
-0.00197601,0.00412449
-0.002002,0.00417103
-0.00203595,0.00421814
-0.00207602,0.00427082
-0.00211748,0.00433133
-0.00215555,0.00439779
-0.00218857,0.00446541
-0.00221928,0.00452988
-0.00225292,0.0045906
-0.00229349,0.00465123
-0.00234108,0.00471722
-0.00239223,0.0047924
-0.00244234,0.00487739
-0.00248808,0.00497042
-0.00252784,0.00506924
-0.0025604,0.00517194
-0.00258424,0.00527558
-0.00259954,0.00537492
-0.00261118,0.00546434
-0.00262867,0.00554294
-0.00266065,0.00561796
-0.00270791,0.00570192
-0.00276121,0.00580442
-0.0028068,0.00592465
-0.00283681,0.00605097
-0.00285651,0.0061702
-0.00287999,0.0062797
-0.00291706,0.00638998
-0.00296441,0.00651467
-0.00300975,0.00665808
-0.00304449,0.00681257
-0.00307236,0.00696871
-0.0031038,0.00712799
-0.00314133,0.00730298
-0.00317317,0.00750357
-0.00318343,0.00772461
-0.00316885,0.0079504
-0.00314127,0.00817359
-0.00310885,0.00840492
-0.00305901,0.00865693
-0.00296905,0.00891913
-0.00283873,0.00915904
-0.00270317,0.00935968
-0.00259697,0.00954957
-0.00250811,0.00977838
-0.00237988,0.0100609
-0.00216626,0.010349
-0.0018905,0.0105743
-0.00162561,0.01073
-0.00140306,0.0108805
-0.00117192,0.0110778
-0.000858004,0.0112913
-0.000457492,0.0114304
-5.50666e-05,0.011449
0.000274326,0.0113995
0.000543009,0.0113581
0.000809011,0.0113388
0.00109534,0.0113018
0.00137187,0.0112221
0.0016107,0.0111238
0.00182889,0.0110385
0.00206111,0.0109572
0.00230898,0.0108423
0.00253579,0.0106774
0.00271039,0.0104877
0.00283728,0.0103083
0.0029408,0.010152
0.0030374,0.0100113
0.0031287,0.00987661
0.00321154,0.00974688
0.00328721,0.00962595
0.0033629,0.00951532
0.00344703,0.00940857
0.00353981,0.00929205
0.00362764,0.00915666
0.00369432,0.00901122
0.00374149,0.00887581
0.00379007,0.00875715
0.00385603,0.00863737
0.00393016,0.00849271
0.00398792,0.00831917
0.00401449,0.00813185
0.00401034,0.00794577
0.00398001,0.00776927
0.0039291,0.00760913
0.00386725,0.00746822
0.0038015,0.00734122
0.00372951,0.00722328
0.00364876,0.00711911
0.00356737,0.00703333
0.00349363,0.00695788
0.00342085,0.00688349
0.00333967,0.00681867
0.00326226,0.00677749
0.00321271,0.00674928
0.00319079,0.00670181
0.00316604,0.00662126
0.00311733,0.00652663
0.0030518,0.00643443
0.00297489,0.0063399
0.00287406,0.00624399
0.00274576,0.006168
0.00261146,0.00612644
0.00249336,0.00610704
0.00239049,0.00608804
0.00228655,0.00606313
0.0021714,0.00604318
0.00205066,0.00604252
0.00194354,0.0060641
0.00186643,0.00608713
0.0018037,0.00608018
0.00171269,0.00604737
0.00158287,0.00603494
0.00145611,0.00606754
0.00136716,0.0061131
0.00129519,0.00613338
0.0012056,0.00614009
0.00110517,0.00615926
0.00101018,0.00618405
0.000909361,0.00620596
0.000798089,0.00624216
0.000697102,0.00629666
0.000609002,0.0063492
0.000515226,0.00640367
0.000430181,0.00648138
0.000384684,0.00655997
0.000356387,0.00659828
0.000302514,0.00661259
0.000235444,0.00663613
0.000175398,0.0066517
9.4058e-05,0.00664614
-2.29677e-05,0.0066563
-0.000138285,0.00670132
-0.000229875,0.00674882
-0.000323814,0.00677677
-0.000441615,0.00680407
-0.000574266,0.00685193
-0.000702392,0.00692377
-0.000810201,0.00700467
-0.000906969,0.00706889
-0.00102517,0.00712066
-0.00116429,0.00719589
-0.00128804,0.00729598
-0.00139614,0.0073861
-0.00152149,0.00747
-0.0016564,0.00757895
-0.00177185,0.00770443
-0.00187315,0.00782332
-0.00197088,0.00793488
-0.00207189,0.00803032
-0.00220734,0.00811983
-0.00236628,0.00825393
-0.0024852,0.00841884
-0.00258839,0.00854375
-0.00274914,0.00867013
-0.00290831,0.00886871
-0.0030051,0.009063
-0.00313394,0.00921229
-0.00330979,0.00942452
-0.00341983,0.00968867
-0.00350305,0.00989672
-0.00365216,0.0101111
-0.00380207,0.0103952
-0.00395175,0.0107037
-0.00413108,0.0111523
-0.0040595,0.0118026
-0.00359675,0.0122043
-0.00327386,0.0121629
-0.00327486,0.0121177
-0.00337166,0.0121884
-0.00355855,0.0123681
-0.00366732,0.0127752
-0.00351596,0.0131238
-0.00342481,0.0132862
-0.00337444,0.0134721
-0.00341948,0.0135047
-0.00384415,0.0137712
-0.00398581,0.0146058
-0.00358694,0.015195
-0.00332956,0.0155681
-0.00291791,0.0159173
-0.00276478,0.0159867
-0.00274466,0.0166056
-0.00192444,0.0170784
-0.00153358,0.0167818
-0.00164355,0.0170031
-0.00132847,0.0175207
-0.000789832,0.0178476
-0.000161743,0.0179472
0.000235039,0.0178181
0.000380555,0.0179259
0.000812201,0.0184365
0.00202559,0.018574
0.00276752,0.0176784
0.00272864,0.0172495
0.00308973,0.0170254
0.00312709,0.0164922
0.00304215,0.0164633
0.00335673,0.0163463
0.00348797,0.0160095
0.00352314,0.0157816
0.00358689,0.0155715
0.00355515,0.0153087
0.00346358,0.0153088
0.00378724,0.015169
0.00359791,0.0146489
0.00329654,0.014872
0.00367938,0.0148275
0.00349379,0.0144523
0.00333212,0.0146474
0.00358027,0.0147197
0.00381226,0.0145467
0.00388877,0.0143063
0.00405773,0.0141719
0.00426265,0.0136028
0.00381166,0.0131009
0.00353742,0.0131989
0.00361385,0.0129485
0.00324358,0.0126882
0.00308789,0.0127298
0.00296561,0.0125782
0.00292584,0.0124912
0.00274214,0.0120387
0.00221764,0.0119346
0.0019333,0.0118871
0.00147394,0.0119116
0.00127565,0.0120386
0.000924048,0.0119979
0.000585719,0.0122234
0.000450034,0.012417
0.000374545,0.0124096
-8.67621e-06,0.0123353
-0.000420851,0.0125536
-0.000729404,0.0128945
-0.000738994,0.0132406
-0.000889521,0.0133239
-0.000959034,0.0137153
-0.000791973,0.0137001
-0.000963526,0.0136636
-0.00111632,0.0135347
-0.00176169,0.0136088
-0.00190849,0.0141828
-0.00200045,0.0142196
-0.00224053,0.0145355
-0.00244493,0.0147297
-0.00247129,0.0152516
-0.00229416,0.0151379
-0.00271153,0.0151465
-0.00303157,0.0154123
-0.00325536,0.0157465
-0.00352816,0.0159333
-0.00389449,0.0165404
-0.00372918,0.0169035
-0.00397593,0.0170754
-0.00441588,0.0173796
-0.00471813,0.0184483
-0.00423133,0.0188954
-0.00424786,0.0192061
-0.00445731,0.0194565
-0.00481924,0.0205699
-0.00355003,0.0215589
-0.003332,0.02074
-0.0036756,0.0213126
-0.00395088,0.0216585
-0.00354314,0.0226215
-0.00358342,0.0229835
-0.0032795,0.0234082
-0.00354717,0.0250738
-0.00187579,0.0252114
-0.00179612,0.0264104
-0.0004684,0.0266905
0.00153242,0.0277463
0.00320871,0.0261891
0.00338416,0.0251632
0.00443963,0.0249091
0.00405771,0.0235939
0.0045285,0.0227885
0.00366255,0.0232008
0.00418706,0.0219404
0.00393987,0.0225726
0.00375959,0.0217674
0.00353421,0.02182
0.00366588,0.0221574
0.00365891,0.02228
0.00408646,0.0220419
0.00508072,0.0220249
0.00495292,0.0215988
0.00525152,0.0198218
0.00505608,0.0199785
0.00382561,0.0192845
0.00456346,0.01879
0.00305631,0.0183735
0.00269223,0.0186673
0.00191323,0.018785
0.00249536,0.0190913
0.00171983,0.0189333
0.00176913,0.0189434
0.00177339,0.0186639
0.000774248,0.0186094
0.0011109,0.0184904
-0.00019241,0.018732
2.03283e-05,0.0187744
-5.01187e-05,0.0186478
-0.00105537,0.0187123
-0.00153848,0.0182495
-0.00254157,0.0188346
-0.00313866,0.0193938
-0.00402682,0.0200317
-0.00401588,0.0204208
-0.00491255,0.021648
-0.0047337,0.0226859
-0.0047656,0.0223907
-0.00387925,0.0238522
-0.00447148,0.0235804
-0.00528852,0.0234081
-0.00678848,0.0228537
-0.00591778,0.0264938
-0.00635398,0.0282867
-0.00711667,0.0299513
-0.00551914,0.0266235
-0.00529209,0.0289559
-0.00453289,0.0324462
-0.00465479,0.0362416
-0.000888596,0.0341918
-0.00132948,0.0330092
-0.000557782,0.0302789
0.00229684,0.0332368
0.00435077,0.0336656
0.00371172,0.0335643
0.00356122,0.0310291
0.00182513,0.0311864
0.00384104,0.029903
0.00625055,0.0294932
0.00549856,0.0280567
0.00356385,0.0295969
0.00260439,0.0300178
0.00302512,0.0292544
0.00710242,0.0287891
0.00814414,0.0263997
0.00509724,0.0282544
0.00416716,0.0279508
0.00371423,0.0260713
0.00395022,0.0259826
0.00297323,0.0261357
0.00402921,0.0241676
0.00381928,0.022576
0.00399745,0.0229732
0.00310535,0.0227618
0.00140152,0.0237092
0.000516186,0.0236262
-0.00130634,0.0248721
-0.00535475,0.027167
-0.00196034,0.0254628
-0.00414512,0.0247633
-0.00564284,0.0254964
-0.00798515,0.0244892
-0.00851633,0.026645
-0.008183,0.0260441
-0.00774968,0.0296004
-0.00468962,0.031549
-0.00198031,0.0303741
-0.00236408,0.03203
-0.00244258,0.0333994
-0.00119101,0.0354224
-0.000787532,0.03601
-0.00111092,0.0379116
-0.0015971,0.0379437
-0.00151781,0.0422071
0.00433154,0.0429426
0.00408187,0.0415877
0.00529961,0.0439311
0.00382478,0.0445229
0.00353945,0.0423209
0.00625382,0.0421828
0.00658275,0.0433827
0.012871,0.0462352
0.0205201,0.0447168
0.0203195,0.0479208
0.0209546,0.0420057
0.0170811,0.0428174
0.0232092,0.0480367
0.0144935,0.0431105
0.0108843,0.0391308
0.0043508,0.0378418
0.00121213,0.0334523
-0.00370528,0.0320515
-0.00313507,0.0331582
-0.00320148,0.0343536
0.000318242,0.034666
0.00320027,0.0390286
0.00126074,0.0461272
-0.0120131,0.0553436
-0.0364801,0.0563012
-0.0424876,0.0759026
-0.0588402,0.0922025
-0.0666287,0.0653626
-0.0669073,0.0647512
-0.0876484,0.0558159
-0.102674,0.0269124
-0.0836579,0.0221089
-0.0942723,0.00181378
-0.0914986,-0.0198987
-0.0606436,-0.0459589
-0.0565933,-0.0561276
-0.0418661,-0.0795145
-0.0449133,-0.165576
-0.032219,-0.156471
-0.0642848,-0.118831
0.041567,-0.169396
0.0443333,-0.115391
0.111503,-0.164698
0.168918,-0.088509
0.0669963,-0.298638
-0.0937355,-0.0989654
-0.0493222,-0.0962933
-0.05233,-0.112535
-0.0992057,-0.139449
-0.120688,-0.139884
-0.115452,-0.0589037
-0.096094,-0.0164112
-0.0772217,0.0127267
-0.0752841,-0.00549902
-0.0758749,-0.00107948
-0.0490796,-0.00485333
-0.0620288,-0.00293391
-0.0646738,0.00841693
-0.0527132,-0.000934496
-0.0592238,0.00820261
-0.0716193,-0.0147318
-0.0793341,0.0248554
-0.0896908,0.0316244
-0.124352,0.0366732
-0.111785,-0.00324209
-0.134365,-0.102004
-0.131413,-0.110541
-0.130821,0.0428035
-0.117949,0.0894229
-0.074236,0.0955895
-0.0161413,0.151586
-0.0444104,0.125564
-0.0421855,0.09132
-0.0378648,0.0909274
-0.0306864,0.0902747
-0.0960262,0.0760938
-0.0785339,0.0813665
-0.0801671,0.101129
-0.131396,0.138433
-0.0381756,0.0834569
-0.0483999,0.0436544
-0.0599474,0.0348269
-0.0592576,0.0140282
-0.0489256,0.0175053
-0.0468903,0.0107079
-0.0514298,0.00117359
-0.049699,0.000209853
-0.0659964,-0.0237068
-0.0755356,-0.0265719
-0.0875368,-0.0596024
-0.315898,-0.0936679
-0.119341,-0.0337894
-0.104061,0.106893
-0.113735,-0.1296
-0.288396,0.184398
-0.00927337,0.122117
-0.0429445,0.0775531
-0.031332,0.0691783
-0.0113616,0.0834533
-0.0178841,0.0813394
0.00180541,0.0587006
0.0078407,0.0535866
0.000729522,0.0568648
-0.0162107,0.0479529
-0.0242066,0.0432642
-0.0289273,0.033155
-0.0319849,0.0294055
-0.0395646,0.0368659
-0.0372951,0.0403556
-0.063716,0.0464287
-0.0918599,-0.00321769
-0.0738144,0.0102002
-0.0691726,0.0324119
-0.0731659,0.0193287
-0.0992998,0.0376565
-0.0591899,0.0530884
-0.0464732,0.0308792
-0.0632229,0.0134027
-0.0504415,0.0237188
-0.046974,0.0194012
-0.0565814,0.0254536
-0.0431789,0.0165981
-0.0436109,0.00123433
-0.0364848,-0.00234462
-0.0338537,-0.0063923
-0.0294938,-0.00835642
-0.0327609,-0.00315253
-0.0325864,-0.00253517
-0.0297009,-0.00544833
-0.0244769,-0.00768054
-0.0236963,-0.00980618
-0.0227463,-0.00737554
-0.023907,-0.0106646
-0.0288167,-0.00852772
-0.0324534,-0.0110338
-0.0344767,-0.0157969
-0.0353757,-0.0129486
-0.0272209,-0.012571
-0.0273916,-0.0143551
-0.031096,-0.0135127
-0.0345642,-0.002722
-0.0270113,-0.000823279
-0.0238982,0.000382254
-0.0199926,-0.00195412
-0.0215172,-0.00527854
-0.0209092,-0.00256201
-0.0197849,-0.00216306
-0.0193179,-0.00133213
-0.0198285,-0.000928855
-0.0174218,-0.000916912
-0.0184473,0.000479412
-0.0187693,0.00203103
-0.0177693,0.0017952
-0.0176286,0.00195089
-0.017731,0.0026337
-0.0192169,0.000331457
-0.0179296,0.00284013
-0.0172262,0.00242843
-0.0162818,0.00247337
-0.0150194,0.00323032
-0.0168151,0.00431796
-0.0163502,0.00484262
-0.0162561,0.0020445
-0.0173448,0.00210571
-0.017972,0.000397611
-0.0191935,0.000639136
-0.0197126,9.37511e-06
-0.0207942,0.000923791
-0.0214974,-2.44882e-05
-0.0245155,0.00553621
-0.0251462,0.00391029
-0.0233203,0.00630482
-0.019876,0.0082706
-0.0202867,0.00461291
-0.0180734,0.00324805
-0.0163237,0.000441174
-0.0156152,-0.000710327
-0.0148272,0.000471169
-0.016099,0.00060839
-0.0167842,0.000157197
-0.01727,0.000563929
-0.0164486,0.00135954
-0.0160163,0.000176751
-0.018293,-0.00127404
-0.0173375,5.8651e-05
-0.0202395,0.00100176
-0.0190959,0.00358186
-0.0175862,0.00429865
-0.0169799,0.0051678
-0.0165478,0.00542431
-0.0179353,0.00627897
-0.0179774,0.00589817
-0.020641,0.00449582
-0.0206597,0.00358457
-0.0214983,0.00220337
-0.0257827,0.00169369
-0.0275447,0.00296075
-0.0279664,0.00127409
-0.0314528,0.000809695
-0.0272404,0.00356551
-0.0248887,0.0038485
-0.0261208,0.00490167
-0.0243894,0.000130303
-0.0238693,-0.00176359
-0.0218419,-0.00129195
-0.0240666,-0.000712164
-0.0249628,0.000623482
-0.0292048,0.00635809
-0.0331989,0.0143209
-0.029805,0.0141176
-0.02647,0.01707
-0.0170704,0.018828
-0.0131286,0.0172468
-0.0143291,0.0158818
-0.0152448,0.0188444
-0.0209662,0.0212716
-0.0202034,0.0200993
-0.0177147,0.0159895
-0.0181161,0.0169822
-0.019767,0.0208074
-0.020134,0.0223725
-0.0161517,0.0175156
-0.0117339,0.0193915
-0.013042,0.0153361
-0.0139862,0.0156329
-0.0206746,0.0161698
-0.0232833,0.0142622
-0.0294455,0.0194649
-0.0262733,0.0347447
-0.0227956,0.0436578
-0.0097376,0.127376
-0.113665,0.00739986
-0.0522392,0.0315856
-0.0120158,0.114016
-0.0449393,0.149483
-0.0145671,0.160291
-0.0679858,0.0780796
-0.0458097,0.100108
-0.00666287,0.0884552
-0.0324422,0.0983216
-0.0719097,0.107151
0.0231393,0.0498447
0.0283321,0.0278722
0.0307981,0.0229172
0.0387542,0.0318637
0.00922784,0.0317819
0.00285337,0.0331509
-0.000835675,0.0264691
0.00416477,0.0197099
0.00396674,0.0196529
0.00285268,0.0192268
0.00888509,0.0205146
0.00844855,0.0197554
0.00757971,0.0186676
0.00672553,0.0170772
0.00648411,0.0180577
0.00683992,0.0234351
0.00289026,0.0260176
0.0130012,0.0268741
0.00851389,0.0222431
0.00865427,0.0232385
0.0108905,0.0263578
0.0170626,0.0259504
0.0160201,0.0232114
0.0232301,0.0188154
0.0158721,0.0284949
0.0262398,0.0262155
0.0273186,0.0182702
0.0637562,0.0392595
0.0301879,0.0443696
0.0372324,0.0609439
0.0468726,0.025417
0.0542144,0.0288177
0.0494146,0.0439736
0.0513918,0.0152463
0.0712133,0.00579368
0.0811763,-0.00942174
0.0843627,-0.0014829
0.109832,-0.0961257
0.0156036,-0.0502458
-0.00349472,-0.0644262
-0.0424178,-0.0794954
-0.127562,-0.0270152
-0.0321699,-0.129705
-0.102379,-0.01123
-0.150207,-0.140057
-0.0191254,-0.114928
0.0369143,-0.118299
0.0135414,-0.117092
0.0254183,-0.0644945
0.0340448,-0.0569254
0.0324801,-0.0514255
0.0173687,-0.0376955
0.00221522,-0.0318352
-0.00472707,-0.0337236
-0.0012608,-0.0275566
0.000386044,-0.023601
0.00376172,-0.0210099
0.0129344,-0.0229196
0.0153257,-0.0197272
0.0178001,-0.0170795
0.0176543,-0.0122047
0.021739,-0.00634795
0.017115,-0.00498614
0.01885,-0.00727768
0.0177555,-0.00181783
0.0158216,-0.000696603
0.0162232,0.00111023
0.0165769,0.00207088
0.0183129,0.00203212
0.0173281,0.00429116
0.0243588,0.00560474
0.0213119,-0.00124542
0.0202875,-0.00213907
0.0183631,-0.00194404
0.0179532,-0.00138892
0.0200125,9.70475e-05
0.0213165,-0.00242582
0.0217846,-0.00758719
0.0237862,-0.0123168
0.0290627,-0.020237
0.0172168,-0.025612
0.0107796,-0.019845
0.0145615,-0.0243928
0.0235567,-0.0112809
0.0200917,-0.00721279
0.0195603,-0.00637529
0.0132318,-0.00676555
0.0143398,-0.00676947
0.0132155,-0.0056032
0.0129139,-0.00434375
0.0129943,-0.006413
0.012607,-0.00650051
0.0117219,-0.00530601
0.0119492,-0.00481317
0.0110459,-0.00350534
0.0105932,-0.00366377
0.00891397,-0.00264552
0.00875904,-0.00344489
0.00867075,-0.00551832
0.00751761,-0.00616464
0.00610015,-0.00499264
0.00589454,-0.00485336
0.00545405,-0.00407051
0.00604663,-0.00441069
0.00641156,-0.00384929
0.00627282,-0.0041615
0.00628288,-0.00370096
0.00669073,-0.00390625
0.00709064,-0.00446085
0.00710593,-0.00501767
0.00826896,-0.00489752
0.00671366,-0.00547518
0.00599646,-0.00529862
0.0053027,-0.00590575
0.00529777,-0.00695425
0.00508583,-0.00714922
0.00504538,-0.00749431
0.00482531,-0.00621464
0.00593332,-0.00544476
0.00604079,-0.00602621
0.00518184,-0.00470049
0.00515681,-0.00440478
0.00514662,-0.00440382
0.00519557,-0.00437942
0.00471879,-0.00462869
0.00512761,-0.00484263
0.00467073,-0.0053381
0.0044223,-0.0054142
0.00493883,-0.00628343
0.00543123,-0.00630649
0.00523479,-0.00641316
0.00501431,-0.00618587
0.00462992,-0.00664517
0.00466608,-0.00631769
0.00527274,-0.0062708
0.00496417,-0.00672917
0.0048542,-0.0070863
0.00456324,-0.00701401
0.00528841,-0.0066252
0.00618805,-0.00664526
0.00691424,-0.00740989
0.0079479,-0.00785771
0.00622765,-0.00781016
0.00687584,-0.00689574
0.00710497,-0.00683073
0.00815864,-0.00539277
0.0100178,-0.00585532
0.0109568,-0.00517843
0.00925755,-0.00467304
0.00981041,-0.00438205
0.0107231,-0.00433192
0.0107209,-0.00401642
0.0110749,-0.00285985
0.00962465,-0.0025966
0.0105487,-0.00259805
0.0127127,-0.0016351
0.0126522,-0.00203564
0.0119074,-0.00332489
0.0125834,-0.00390742
0.0109657,-0.0063894
0.0126497,-0.00803627
0.0104688,-0.0074048
0.00995791,-0.00536297
0.00860516,-0.00614217
0.00964713,-0.00703884
0.0101898,-0.00479969
0.0101779,-0.00532655
0.0106483,-0.00739362
0.0121062,-0.00771864
0.0113058,-0.00902985
0.0152806,-0.0087351
0.0162252,-0.00414078
0.0128539,-0.00607991
0.0143647,-0.00974724
0.0117674,-0.00931881
0.0139427,-0.00897118
0.0144822,-0.00745697
0.0124416,-0.00822128
0.0121086,-0.00911369
0.0124041,-0.011623
0.00892016,-0.0152966
0.00967696,-0.0221635
0.0138059,-0.0284406
-0.00288423,-0.0343165
0.0227737,-0.0259504
0.0147151,-0.027224
0.00836921,-0.0171586
0.000795158,-0.0201487
0.00247497,-0.0213061
0.00120736,-0.0213053
0.00711405,-0.0220497
-0.00280743,-0.0515284
-0.074152,-0.0675753
-0.0452667,0.0623715
-0.0502641,0.0214399
0.0163133,-0.0945465
-0.0271402,-0.0883572
-0.0227781,-0.0361679
-0.0324359,-0.00584358
-0.0398657,-0.00799061
-0.0835372,0.0152293
0.0562686,-0.6217
-0.0878446,-0.109222
-0.00331406,0.0429703
-0.00684983,0.0505381
-0.0460445,0.0213652
-0.0325076,0.00586732
-0.0238003,0.00444465
-0.0371469,-0.0128026
-0.0189789,-0.0652286
0.0157408,-0.0544902
0.0209019,-0.0263028
0.0141027,-0.0282863
0.014959,-0.0110412
0.0200652,-0.00670335
0.0202616,0.000789808
0.0173225,-0.00121122
0.0168732,0.000113895
0.0226641,-0.0231997
0.00810725,-0.0123036
0.00790443,-0.011456
0.0126603,-0.0108746
0.0119472,-0.0146555
0.0175521,-0.00881262
0.019353,-0.00133169
0.0160171,0.000672079
0.011832,-0.00280403
0.0201682,-0.00106195
0.0183789,0.0029039
0.0200888,0.000374883
0.0182103,-0.00158194
0.0220373,-0.000223559
0.0211335,0.00206539
0.0163624,0.00714377
0.0196704,0.00439102
0.0118081,0.00285837
0.0108004,0.00266414
0.00933527,0.00244279
0.00790362,0.0018801
0.00656775,0.00246779
0.0069575,0.00362924
0.00612581,0.00333418
0.00517296,0.00475454
0.00508979,0.00527296
0.00459661,0.00469113
0.00540741,0.00403275
0.00496641,0.0036274
0.00564555,0.00317528
0.00473711,0.00316224
0.00406767,0.00290078
0.00367539,0.00282615
0.0043583,0.00230172
0.00418394,0.00194777
0.00428944,0.00241888
0.00487386,0.00229243
0.00601679,0.00212518
0.00656395,0.00255944
0.00606932,0.00414066
0.00514392,0.00421356
0.005835,0.00472328
0.00584502,0.00523506
0.00529158,0.00561256
0.00519408,0.00574563
0.00538147,0.00598962
0.00619296,0.00580711
0.00722047,0.00530499
0.00837389,0.00369184
0.0102313,0.00143859
0.0102597,-0.00158991
0.00902912,-0.000248682
0.00764439,0.000564686
0.00709863,-0.00111016
0.00737846,-0.00229954
0.00660552,-0.00156321
0.00581595,-0.0013669
0.00537508,-0.00150987
0.0057298,-0.000952086
0.0056014,-0.000384967
0.00681096,0.00112848
0.00668208,0.00156155
0.00704782,0.00416678
0.00729876,0.00377057
0.00666049,0.00383738
0.00645893,0.00376286
0.006285,0.00268797
0.00696439,0.00123828
0.00773716,0.00155299
0.00905458,0.000687863
0.00852865,0.0016629
0.00836134,0.003714
0.00858099,0.00469626
0.0090395,0.0054655
0.00717985,0.00613279
0.00862059,0.00362556
0.00673035,0.00393745
0.00613216,0.00473536
0.00582324,0.00402748
0.00770826,0.00363304
0.00707554,0.00389893
0.0059422,0.00405738
0.00516512,0.00420654
0.00511835,0.00375599
0.00504239,0.00449855
0.00469819,0.00511552
0.00434799,0.00463932
0.0038048,0.00367951
0.00376334,0.0032564
0.00374448,0.00267165
0.0036158,0.00315213
0.00326201,0.00328545
0.00304524,0.00268871
0.00307939,0.00272213
0.00338785,0.00319574
0.00334569,0.00277367
0.00320191,0.00239662
0.00332749,0.00244333
0.00335439,0.00221621
0.0032246,0.00171825
0.00374231,0.00200834
0.00424147,0.00200608
0.00438705,0.00228442
0.0042564,0.00258875
0.00482764,0.0029512
0.00427948,0.00322062
0.00470437,0.00323584
0.00535031,0.00308707
0.00583602,0.0024121
0.00585225,0.00247556
0.00544439,0.00190468
0.00537471,0.0016551
0.00530203,0.00102687
0.00597092,0.00118313
0.00614077,0.00110276
0.00710862,0.00226757
0.00613417,0.00302842
0.00568389,0.00230824
0.00502419,0.00177707
0.00546005,0.00214017
0.00493828,0.00316178
0.0049074,0.00316117
0.00389208,0.00278706
0.0037736,0.00246629
0.00366575,0.00255072
0.00367656,0.00262386
0.00383017,0.00321005
0.00377697,0.00370867
0.00350456,0.00386107
0.00262087,0.00464807
0.00308874,0.00522653
0.00312501,0.00486725
0.00256902,0.00500193
0.00210112,0.00582944
0.00181408,0.00480761
0.00136983,0.00462568
0.00156162,0.00419917
0.00145551,0.00381531
0.0012743,0.00437231
0.00116044,0.00492078
0.00109911,0.00441526
0.00125723,0.00470054
0.000730699,0.00422771
0.000595814,0.00428643
0.000871776,0.00431299
0.000995945,0.00418734
0.00133478,0.00440041
0.00181433,0.00419235
0.00284467,0.00457212
0.00282328,0.00412418
0.00310131,0.00371129
0.00337806,0.00335163
0.00395843,0.00368597
0.00364998,0.00480532
0.00378235,0.00383775
0.00362114,0.00342746
0.00403532,0.00354902
0.0040311,0.00455951
0.00382074,0.00586623
0.00519466,0.00702551
0.00619916,0.00690437
0.00867189,0.00437939
0.00651295,0.00238317
0.00603803,0.00265103
0.00630164,0.001008
0.00523563,0.000264767
0.00630766,-0.00109313
0.00621617,-0.00243223
0.00643209,-0.00211922
0.00573399,-0.00316078
0.00494744,-0.00218245
0.00475005,-0.00181697
0.00606405,-0.0019274
0.00753387,-0.00142561
0.00710673,-0.0022055
0.00603707,-0.00364651
0.00460704,-0.00357863
0.00487871,-0.00372369
0.003935,-0.00414918
0.00578767,-0.00452653
0.00609703,-0.00255897
0.00650363,-0.00262017
0.00563969,-0.00118844
0.0061791,-0.00135112
0.00637572,-0.00263583
0.00591591,-0.00254649
0.00416023,-0.00397279
0.00423478,-0.00274225
0.00519643,-0.00338351
0.00539999,-0.00283032
0.0050124,-0.00195341
0.00449409,-0.00224525
0.00534909,-0.00214967
0.005556,-0.00335469
0.00489891,-0.00314135
0.0055753,-0.00350348
0.00527496,-0.00262687
0.00563871,-0.00273419
0.0050419,-0.0043716
0.00412874,-0.00434217
0.00474939,-0.00425155
0.00478369,-0.00447139
0.00412462,-0.00438803
0.00541393,-0.00495137
0.00556834,-0.00458016
0.00441893,-0.0072604
0.00355911,-0.0104775
0.00164494,-0.0111629
0.00530738,-0.00862371
0.00544033,-0.0066799
0.00470068,-0.0053001
0.0046969,-0.00636902
0.00462299,-0.00448801
0.00392837,-0.00536163
0.00322396,-0.00575539
0.00331618,-0.00505973
0.00269353,-0.00417617
0.00247439,-0.00369777
0.00332769,-0.00339011
0.00352128,-0.0039678
0.00321314,-0.0046252
0.00367959,-0.00501258
0.00303818,-0.00492136
0.0022954,-0.00472685
0.00177395,-0.00435093
0.00146787,-0.00495874
0.00164691,-0.00556281
0.00142697,-0.00575166
0.00100136,-0.00573064
0.00191983,-0.00586427
0.00219496,-0.00588514
0.00200992,-0.0045302
0.00197112,-0.00453766
0.00211615,-0.00468672
0.00187964,-0.00457701
0.00178389,-0.00516075
0.00157671,-0.00535621
0.00305651,-0.00523001
0.00316547,-0.00477389
0.00333406,-0.00469259
0.00268618,-0.00420644
0.00258428,-0.00382985
0.00181151,-0.00368993
0.00239654,-0.0038228
0.00254595,-0.00346484
0.00282251,-0.00351027
0.00275886,-0.00280721
0.00249048,-0.00262231
0.00262422,-0.00256966
0.00221024,-0.00303995
0.00200877,-0.00310542
0.00199128,-0.00281054
0.002175,-0.00308996
0.00227148,-0.00276389
0.00232527,-0.00273716
0.00212294,-0.00277039
0.00231351,-0.00255406
0.0023657,-0.00235828
0.00254252,-0.00238523
0.00259861,-0.00279748
0.00250338,-0.00275182
0.00248969,-0.00281473
0.00313862,-0.00256653
0.00311095,-0.00291155
0.00300639,-0.00267435
0.00313574,-0.00283409
0.00289549,-0.00342279
0.00266312,-0.00355893
0.00256457,-0.00347056
0.00286205,-0.00319325
0.00278116,-0.00321348
0.00293772,-0.00282853
0.00275985,-0.00288293
0.00278882,-0.00306362
0.00234714,-0.00294996
0.00260839,-0.00269868
0.00278016,-0.00255877
0.00285318,-0.00261517
0.00293367,-0.00262768
0.00316547,-0.00262863
0.00332624,-0.00226355
0.0028869,-0.00261409
0.00229558,-0.00279262
0.00235911,-0.00297842
0.00204545,-0.00287474
0.00221675,-0.00275094
0.00239975,-0.00253661
0.00237176,-0.00242209
0.00248918,-0.00215014
0.00228839,-0.00215943
0.00220099,-0.00211884
0.00223937,-0.00205325
0.0023205,-0.0021229
0.00232082,-0.00205988
0.00243681,-0.00221928
0.00269634,-0.00222473
0.00262258,-0.00213667
0.002683,-0.00202694
0.00258351,-0.00213156
0.00234324,-0.00208772
0.00248238,-0.00210631
0.00248566,-0.00216542
0.00246323,-0.00214259
0.00268762,-0.00231928
0.00243477,-0.00210515
0.00247374,-0.00199829
0.00256752,-0.00172361
0.00260068,-0.00163219
0.00235149,-0.00167632
0.00217509,-0.00161352
0.00230691,-0.00161447
0.00242755,-0.00160775
0.00267516,-0.00175994
0.00257808,-0.00175626
0.00266197,-0.00178326
0.00254748,-0.00190068
0.00259206,-0.00195104
0.00265953,-0.00196268
0.00270517,-0.00211201
0.00269281,-0.00198199
0.00260054,-0.00200139
0.00247198,-0.00202834
0.00230612,-0.00195943
0.00217292,-0.00197998
0.00211184,-0.00197112
0.00223405,-0.00178681
0.00226796,-0.00174629
0.00230605,-0.00174261
0.00233134,-0.0018273
0.00236997,-0.00183878
0.00236861,-0.00179716
0.00225559,-0.00169974
0.00238655,-0.00161975
0.00238573,-0.00150802
0.00244132,-0.00155875
0.00256543,-0.00151471
0.00265261,-0.00138469
0.00270779,-0.0012432
0.00267004,-0.0012341
0.00278961,-0.00118585
0.00274101,-0.000957208
0.00274484,-0.00100818
0.00278875,-0.000923804
0.0028595,-0.000899109
0.00291925,-0.000782146
0.00286013,-0.000875552
0.00280854,-0.000748731
0.00286044,-0.000764628
0.00282973,-0.000724603
0.00289144,-0.000709409
0.00276067,-0.000765511
0.00282071,-0.000751333
0.00297359,-0.000845713
0.00294982,-0.00081464
0.00287847,-0.00077931
0.0028538,-0.000838859
0.00283326,-0.000863922
0.00290106,-0.000848336
0.00285886,-0.000974785
0.00285359,-0.000920375
0.00282084,-0.000889907
0.00276917,-0.000841212
0.00285605,-0.000824282
0.00284886,-0.000826744
0.00291706,-0.000841423
0.00291983,-0.000806995
0.00293005,-0.000842484
0.0029634,-0.000830781
0.00301543,-0.000773267
0.00296497,-0.000814976
0.00293344,-0.000795874
0.00290887,-0.000826746
0.00291761,-0.000827747
0.00288805,-0.000777863
0.00287235,-0.000773813
0.00292344,-0.000804672
0.00290794,-0.000802977
0.00292266,-0.000824025
0.00298081,-0.000804829
0.00296758,-0.000837146
0.00296697,-0.000847943
0.00299968,-0.000791642
0.00299695,-0.000800821
0.00301904,-0.000828493
0.00305655,-0.000818133
0.00309751,-0.000811245
0.00312344,-0.000802332
0.00314222,-0.000776113
0.0031159,-0.000804574
0.00314749,-0.00082355
0.00317408,-0.000827655
0.00319497,-0.000828898
0.00322079,-0.000822286
0.00324701,-0.00081133
0.00326053,-0.000813857
0.00327664,-0.000807114
0.00329217,-0.000816678
0.00331034,-0.000828093
0.0033327,-0.000831308
0.00334745,-0.000833139
0.00336722,-0.000835648
0.00338582,-0.000838863
0.00340759,-0.00084294
0.00342488,-0.000845717
0.00344215,-0.000849845
0.00346004,-0.000853592
0.00347757,-0.00085813
0.00349621,-0.000863034
0.00351502,-0.000867567
0.00353367,-0.000872165
0.00355243,-0.000876766
0.00357175,-0.00088192
0.00358957,-0.000885132
0.00360927,-0.000888414
0.00363187,-0.000891695
0.00365276,-0.000895901
0.00367037,-0.000902395
0.00369803,-0.000914558
0.00370893,-0.000917489
0.00372623,-0.000922222
0.0037417,-0.000914671
0.00376981,-0.000920106
0.0038002,-0.000922161
0.00379863,-0.000908136
0.00381492,-0.000897071
0.0038326,-0.000905719
0.00384564,-0.000914423
0.00386447,-0.000925216
0.00386546,-0.00093317
0.00388784,-0.000895954
0.00390449,-0.000851656
0.00393879,-0.000818889
0.00396492,-0.000839138
0.00397722,-0.000863041
0.00398547,-0.000901847
0.00399167,-0.000913771
0.00410267,-0.000916483
0.00422885,-0.000963226
0.00428126,-0.000956049
0.0042771,-0.000939926
0.00420845,-0.000884876
0.00426781,-0.00081793
0.00435236,-0.000828398
0.00450179,-0.000865039
0.00451669,-0.000814284
0.0045647,-0.000830842
0.0045859,-0.000938037
0.00459372,-0.000929939
0.00467825,-0.000755805
0.00455661,-0.00069851
0.00471308,-0.000672621
0.00466909,-0.000681885
0.00467008,-0.000753496
0.00471617,-0.000662839
0.00476955,-0.000642994
0.0047925,-0.000770921
0.00479902,-0.000685193
0.00492835,-0.000564442
0.00517988,-0.000811675
0.00511348,-0.000717034
0.00512375,-0.000916464
0.0052292,-0.000915336
0.00528881,-0.000920591
0.00523227,-0.000812749
0.0055858,-0.000721621
0.00580619,-0.000886618
0.00556386,-0.000917558
0.00560084,-0.000785195
0.00578233,-0.000823436
0.0058256,-0.0013689
0.00590677,-0.00158361
0.00567126,-0.00161794
0.00599771,-0.00144879
0.00610796,-0.00140216
0.00597977,-0.00141725
0.00598986,-0.00147331
0.0059952,-0.00128966
0.00582594,-0.00142806
0.00614498,-0.00162431
0.00614354,-0.00158316
0.00637392,-0.00123508
0.0060033,-0.00137048
0.00593063,-0.00122634
0.00612123,-0.00122396
0.00616432,-0.00120813
0.006059,-0.00127599
0.005845,-0.00122626
0.00574331,-0.00100824
0.0058867,-0.00122698
0.00553876,-0.00162506
0.00541274,-0.00152412
0.00555459,-0.00151947
0.0057502,-0.00148265
0.00597832,-0.00148902
0.00602107,-0.00143976
0.00615676,-0.00123841
0.0061361,-0.000970256
0.00627329,-0.000824336
0.00643684,-0.00109032
0.00644264,-0.0011055
0.00710225,-0.000995212
0.00676868,-0.0012109
0.0066669,-0.00110278
0.00624979,-0.000809968
0.00629925,-0.000873524
0.00645167,-0.000737955
0.00649233,-0.000814704
0.00648898,-0.000685123
0.00640301,-0.000728734
0.006578,-0.000802033
0.00637562,-0.000893286
0.00644848,-0.000685825
0.00642598,-0.00047363
0.00649465,-0.000412383
0.00660307,-0.000397385
0.00680905,-0.000225482
0.00683189,-0.000223323
0.00708086,-0.00023881
0.00692776,-0.00015087
0.00692775,-0.000111304
0.00688015,-1.53065e-05
0.00691062,-0.000115776
0.00703808,-0.000127359
0.00699216,-6.11733e-05
0.00692655,-3.54171e-05
0.00701457,-3.86103e-05
0.00706956,-5.73687e-05
0.00702548,-4.69733e-05
0.007118,-3.03644e-05
0.00715442,-1.01486e-05
0.00716717,-2.46776e-05
0.00715188,-1.87602e-05
0.00719789,-2.17115e-05
0.00726072,-3.12304e-05
0.00729323,-3.35445e-05
0.00733138,-3.33372e-05
0.00737254,-3.41548e-05
0.00741243,-3.45509e-05
0.00745178,-3.4619e-05
0.0074922,-3.43031e-05
0.00753049,-3.33107e-05
0.00757123,-3.08633e-05
0.00761275,-1.75374e-05
0.00763712,-2.3455e-05
0.00767488,-2.96224e-05
0.00770161,-1.73768e-05
0.00771542,-7.9928e-06
0.00777616,4.11075e-05
0.00785429,1.5306e-05
0.00785508,7.46711e-06
0.00781605,7.55089e-05
0.00788412,2.49076e-05
0.00783579,-5.7632e-05
0.00788799,4.29604e-05
0.00806185,8.41434e-05
0.00801236,0.000111941
0.00808315,0.000295254
0.0081185,0.000193642
0.00809345,0.000207938
0.00841783,0.000448085
0.0083172,5.86084e-05
0.00831874,-0.000117617
0.0084872,4.3387e-05
0.00853289,-0.000245135
0.00873503,-0.000444825
0.00885485,-0.000452357
0.00897347,-0.000277317
0.0093541,-6.59967e-05
0.0093152,-0.000139532
0.00947308,-0.00020182
0.00937133,-0.000561672
0.00943084,-0.000535719
0.00946934,-0.000777554
0.0093754,-0.000838055
0.00933293,-0.000617994
0.0096191,-0.000137379
0.00977563,0.000138425
0.0100492,-4.14162e-05
0.0102298,-0.000441417
0.00967059,-8.75842e-05
0.00967783,-0.000210181
0.00955115,-0.000249058
0.00926651,-0.000227958
0.00946971,9.88339e-05
0.00923827,0.000305483
0.00907765,-2.94813e-05
0.00917636,0.000318008
0.0093449,0.000286681
0.00947804,0.000375569
0.00962799,0.00075368
0.0102182,0.000355308
0.0103537,0.000364675
0.0105224,0.000234933
0.00990327,0.00054946
0.00994797,0.000213937
0.0102049,0.000181888
0.0102251,0.000332093
0.00992725,0.000579684
0.00979507,0.000783061
0.00984965,0.000972107
0.00994082,0.000865239
0.0101231,0.000727002
0.0100627,0.000811477
0.0101888,0.000751657
0.010315,0.000778728
0.0104573,0.00065496
0.0104547,0.000751149
0.0104614,0.000796326
0.0104157,0.000824262
0.0104815,0.000810804
0.0105378,0.000759889
0.0106039,0.000721329
0.0106514,0.000727863
0.0107098,0.000733081
0.0107671,0.000737392
0.0108232,0.000741708
0.0108828,0.000747678
0.0109419,0.00073333
0.0110107,0.000722486
0.0110594,0.000776417
0.0111402,0.000805688
0.0112329,0.000805959
0.0112964,0.00073911
0.0113835,0.000654963
0.0114338,0.000531254
0.0113363,0.000542641
0.0113999,0.000596167
0.0112436,0.000411115
